{
  "\u5404": {
    "B": {
      "B": 0.0,
      "M": 0.10730986955451637,
      "E": 0.9999704144762239,
      "S": 0.0
    },
    "M": {
      "B": 0.0,
      "M": 0.05172413793103448,
      "E": 0.9996866186148542,
      "S": 0.0
    },
    "E": {
      "B": 0.5,
      "M": 0.0,
      "E": 0.0,
      "S": 0.6666666666666666
    },
    "S": {
      "B": 0.6429539295392954,
      "M": 0.0,
      "E": 0.0,
      "S": 0.9987814602189776
    }
  },
  "\u4e2a": {
    "B": {
      "B": 0.0,
      "M": 0.07117117117117117,
      "E": 0.9999309735611263,
      "S": 0.0
    },
    "M": {
      "B": 0.0,
      "M": 0.444743935309973,
      "E": 0.999460553374157,
      "S": 0.0
    },
    "E": {
      "B": 0.7587209302325582,
      "M": 0.0,
      "E": 0.0,
      "S": 0.9997388905951594
    },
    "S": {
      "B": 0.6776504297994269,
      "M": 0.0,
      "E": 0.0,
      "S": 0.9969972638916221
    }
  },
  "\u56fd": {
    "B": {
      "B": 0.0,
      "M": 0.2833507348807325,
      "E": 0.9999682459108667,
      "S": 0.0
    },
    "M": {
      "B": 0.0,
      "M": 0.7685404462171258,
      "E": 0.9995863099037986,
      "S": 0.0
    },
    "E": {
      "B": 0.662906541563439,
      "M": 0.0,
      "E": 0.0,
      "S": 0.999896350612712
    },
    "S": {
      "B": 0.5537383177570093,
      "M": 0.0,
      "E": 0.0,
      "S": 0.9985525214831463
    }
  },
  "\u5bb6": {
    "B": {
      "B": 0.0,
      "M": 0.07514124293785311,
      "E": 0.9999541003091155,
      "S": 0.0
    },
    "M": {
      "B": 0.0,
      "M": 0.7172731074864074,
      "E": 0.9989400697514448,
      "S": 0.0
    },
    "E": {
      "B": 0.5256908462867013,
      "M": 0.0,
      "E": 0.0,
      "S": 0.9998803759760964
    },
    "S": {
      "B": 0.4352422907488987,
      "M": 0.0,
      "E": 0.0,
      "S": 0.9993214556013565
    }
  },
  "\u6709": {
    "B": {
      "B": 0.0,
      "M": 0.15214619634509138,
      "E": 0.9999745793937016,
      "S": 0.0
    },
    "M": {
      "B": 0.0,
      "M": 0.4872495446265938,
      "E": 0.9991352962378113,
      "S": 0.0
    },
    "E": {
      "B": 0.7488507137672393,
      "M": 0.0,
      "E": 0.0,
      "S": 0.9996394120003919
    },
    "S": {
      "B": 0.7288238263503282,
      "M": 0.0,
      "E": 0.0,
      "S": 0.9997287318988477
    }
  },
  "\u7684": {
    "B": {
      "B": 0.0,
      "M": 0.05161290322580645,
      "E": 0.9996490150484797,
      "S": 0.0
    },
    "M": {
      "B": 0.0,
      "M": 0.4636363636363636,
      "E": 0.9922030270600826,
      "S": 0.0
    },
    "E": {
      "B": 0.4825018615040953,
      "M": 0.0,
      "E": 0.0,
      "S": 0.9993062343621691
    },
    "S": {
      "B": 0.858069248597314,
      "M": 0.0,
      "E": 0.0,
      "S": 0.9999528244574053
    }
  },
  "\u6b4c": {
    "B": {
      "B": 0.0,
      "M": 0.0984251968503937,
      "E": 0.999570380299359,
      "S": 0.0
    },
    "M": {
      "B": 0.0,
      "M": 0.9625,
      "E": 0.7570977917981073,
      "S": 0.0
    },
    "E": {
      "B": 0.2918454935622318,
      "M": 0.0,
      "E": 0.0,
      "S": 0.998234362423078
    },
    "S": {
      "B": 0.03896103896103896,
      "M": 0.0,
      "E": 0.0,
      "S": 0.9994737765304333
    }
  }
}