{
  "\u5e0c": {
    "B": {
      "B": 0.0,
      "M": 0.14072847682119205,
      "E": 0.9998644418112489,
      "S": 0.0
    },
    "M": {
      "B": 0.0,
      "M": 0.32142857142857145,
      "E": 0.943378568086102,
      "S": 0.7597619236568527
    },
    "E": {
      "B": 0.2777777777777778,
      "M": 0.0,
      "E": 0.0,
      "S": 0.9790794979079497
    },
    "S": {
      "B": 0.42857142857142855,
      "M": 0.0,
      "E": 0.0,
      "S": 0.9491525423728814
    }
  },
  "\u814a": {
    "B": {
      "B": 0.0,
      "M": 0.2,
      "E": 0.9523809523809523,
      "S": 0.0
    },
    "M": {
      "B": 0.0,
      "M": 0.5384615384615384,
      "E": 0.9176470588235295,
      "S": 0.0
    },
    "E": {
      "B": 0.4576271186440678,
      "M": 0.0,
      "E": 0.0,
      "S": 0.9859007832898172
    },
    "S": {
      "B": 0.0,
      "M": 0.0,
      "E": 0.0,
      "S": 1.0
    }
  },
  "\u7684": {
    "B": {
      "B": 0.0,
      "M": 0.05161290322580645,
      "E": 0.9996490150484797,
      "S": 0.0
    },
    "M": {
      "B": 0.0,
      "M": 0.4,
      "E": 0.8885542168674698,
      "S": 0.8445381205029436
    },
    "E": {
      "B": 0.48175725986597173,
      "M": 0.0,
      "E": 0.0,
      "S": 0.9993082988106374
    },
    "S": {
      "B": 0.840316199364792,
      "M": 0.0,
      "E": 0.0,
      "S": 0.9999589365345711
    }
  },
  "\u7ecf": {
    "B": {
      "B": 0.0,
      "M": 0.10086037109982378,
      "E": 0.9999883722390686,
      "S": 0.0
    },
    "M": {
      "B": 0.0,
      "M": 0.22598870056497175,
      "E": 0.9939966189749722,
      "S": 0.8676803403412774
    },
    "E": {
      "B": 0.7003994673768309,
      "M": 0.0,
      "E": 0.0,
      "S": 0.9984459754901381
    },
    "S": {
      "B": 0.7454545454545455,
      "M": 0.0,
      "E": 0.0,
      "S": 0.9941184908908334
    }
  },
  "\u6d4e": {
    "B": {
      "B": 0.0,
      "M": 0.47368421052631576,
      "E": 0.9947643979057592,
      "S": 0.0
    },
    "M": {
      "B": 0.0,
      "M": 0.6994923857868021,
      "E": 0.9909015941885173,
      "S": 0.5419475565081471
    },
    "E": {
      "B": 0.6991121872477805,
      "M": 0.0,
      "E": 0.0,
      "S": 0.9996250804311116
    },
    "S": {
      "B": 0.058823529411764705,
      "M": 0.0,
      "E": 0.0,
      "S": 0.9963369963369964
    }
  },
  "\u7ed3": {
    "B": {
      "B": 0.0,
      "M": 0.015171503957783642,
      "E": 0.9999949191470617,
      "S": 0.0
    },
    "M": {
      "B": 0.0,
      "M": 0.5648148148148148,
      "E": 0.9881253649990266,
      "S": 0.0
    },
    "E": {
      "B": 0.38719068413391555,
      "M": 0.0,
      "E": 0.0,
      "S": 0.9990811522212971
    },
    "S": {
      "B": 0.2037037037037037,
      "M": 0.0,
      "E": 0.0,
      "S": 0.9976369495166487
    }
  },
  "\u6784": {
    "B": {
      "B": 0.0,
      "M": 0.002824858757062147,
      "E": 0.999991997631299,
      "S": 0.0
    },
    "M": {
      "B": 0.0,
      "M": 0.9871794871794872,
      "E": 0.5032258064516129,
      "S": 0.0
    },
    "E": {
      "B": 0.37437603993344426,
      "M": 0.0,
      "E": 0.0,
      "S": 0.9996682164644262
    },
    "S": {
      "B": 0.5,
      "M": 0.0,
      "E": 0.0,
      "S": 0.8888888888888888
    }
  },
  "\u8f83": {
    "B": {
      "B": 0.0,
      "M": 0.0022346368715083797,
      "E": 0.9999974976133487,
      "S": 0.0
    },
    "M": {
      "B": 0,
      "M": 0,
      "E": 0,
      "S": 0
    },
    "E": {
      "B": 0.6736842105263158,
      "M": 0.0,
      "E": 0.0,
      "S": 0.995672459260261
    },
    "S": {
      "B": 0.40070921985815605,
      "M": 0.0,
      "E": 0.0,
      "S": 0.9976345481568315
    }
  },
  "\u7279": {
    "B": {
      "B": 0.0,
      "M": 0.24214824120603015,
      "E": 0.9998996585397025,
      "S": 0.0
    },
    "M": {
      "B": 0.0,
      "M": 0.5268006700167505,
      "E": 0.8876679220246461,
      "S": 0.9780411354318591
    },
    "E": {
      "B": 0.38325471698113206,
      "M": 0.0,
      "E": 0.0,
      "S": 0.9992677359974225
    },
    "S": {
      "B": 0.2644628099173554,
      "M": 0.0,
      "E": 0.0,
      "S": 0.9970373113600591
    }
  },
  "\u6b8a": {
    "B": {
      "B": 0.0,
      "M": 0.3793103448275862,
      "E": 0.9793621013133208,
      "S": 0.0
    },
    "M": {
      "B": 0.0,
      "M": 0.23809523809523808,
      "E": 0.9853372434017595,
      "S": 0.0
    },
    "E": {
      "B": 0.5333333333333333,
      "M": 0.0,
      "E": 0.0,
      "S": 0.9960059910134798
    },
    "S": {
      "B": 0.0,
      "M": 0.0,
      "E": 0.0,
      "S": 1.0
    }
  }
}