{
  "\u5e0c": {
    "B": 0.893491124260355,
    "M": 0.08284023668639054,
    "E": 0.013313609467455622,
    "S": 0.010355029585798817
  },
  "\u814a": {
    "B": 0.05952380952380952,
    "M": 0.15476190476190477,
    "E": 0.7023809523809523,
    "S": 0.08333333333333333
  },
  "\u7684": {
    "B": 0.0011945589765326961,
    "M": 0.0008477515317328812,
    "E": 0.010350275519247814,
    "S": 0.9876074139724866
  },
  "\u7ecf": {
    "B": 0.7191739973162368,
    "M": 0.13195169226181602,
    "E": 0.11197256597584614,
    "S": 0.03690174444610109
  },
  "\u6d4e": {
    "B": 0.023208469055374593,
    "M": 0.13368621064060804,
    "E": 0.8407980456026058,
    "S": 0.0023072747014115094
  },
  "\u7ed3": {
    "B": 0.7705209656925032,
    "M": 0.02744599745870394,
    "E": 0.17458703939008893,
    "S": 0.02744599745870394
  },
  "\u6784": {
    "B": 0.15782434239857335,
    "M": 0.034774855104770394,
    "E": 0.8038341506910388,
    "S": 0.0035666518056174765
  },
  "\u8f83": {
    "B": 0.5417675544794189,
    "M": 0.0,
    "E": 0.28753026634382567,
    "S": 0.17070217917675545
  },
  "\u7279": {
    "B": 0.5954740976248364,
    "M": 0.22330278660931363,
    "E": 0.1585936038900318,
    "S": 0.022629511875818215
  },
  "\u6b8a": {
    "B": 0.08529411764705883,
    "M": 0.061764705882352944,
    "E": 0.8382352941176471,
    "S": 0.014705882352941176
  }
}