{
  "\u5404": {
    "B": 0.7109361329833771,
    "M": 0.030446194225721784,
    "E": 0.00034995625546806647,
    "S": 0.25826771653543307
  },
  "\u4e2a": {
    "B": 0.0723975997912862,
    "M": 0.0967910253065484,
    "E": 0.7852856770153926,
    "S": 0.04552569788677276
  },
  "\u56fd": {
    "B": 0.30895015012034444,
    "M": 0.19907694598148928,
    "E": 0.470732736160393,
    "S": 0.021240167737773256
  },
  "\u5bb6": {
    "B": 0.12156593406593406,
    "M": 0.16421703296703297,
    "E": 0.6362637362637362,
    "S": 0.0779532967032967
  },
  "\u6709": {
    "B": 0.2681175934366454,
    "M": 0.04170464904284412,
    "E": 0.313962321482832,
    "S": 0.37621543603767854
  },
  "\u7684": {
    "B": 0.0011945589765326961,
    "M": 0.0008477515317328812,
    "E": 0.010350275519247814,
    "S": 0.9876074139724866
  },
  "\u6b4c": {
    "B": 0.3944099378881988,
    "M": 0.12422360248447205,
    "E": 0.36180124223602483,
    "S": 0.11956521739130435
  }
}