{
  "\u5e0c": {
    "B": {
      "All": 1208,
      "^": 0.3021523178807947
    },
    "M": {
      "All": 112,
      "^": 0.026785714285714284
    },
    "E": {
      "All": 18,
      "^": 0.0
    },
    "S": {
      "All": 14,
      "^": 0.21428571428571427
    }
  },
  "\u814a": {
    "B": {
      "All": 5,
      "\u5e0c": 0.0
    },
    "M": {
      "All": 13,
      "\u5e0c": 0.15384615384615385
    },
    "E": {
      "All": 59,
      "\u5e0c": 0.9661016949152542
    },
    "S": {
      "All": 7,
      "\u5e0c": 0.0
    }
  },
  "\u7684": {
    "B": {
      "All": 155,
      "\u814a": 0.0
    },
    "M": {
      "All": 110,
      "\u814a": 0.0
    },
    "E": {
      "All": 1343,
      "\u814a": 0.0
    },
    "S": {
      "All": 128147,
      "\u814a": 4.682122874511303e-05
    }
  },
  "\u7ecf": {
    "B": {
      "All": 9647,
      "\u7684": 0.12770809578107184
    },
    "M": {
      "All": 1770,
      "\u7684": 0.0
    },
    "E": {
      "All": 1502,
      "\u7684": 0.0
    },
    "S": {
      "All": 495,
      "\u7684": 0.010101010101010102
    }
  },
  "\u6d4e": {
    "B": {
      "All": 171,
      "\u7ecf": 0.0
    },
    "M": {
      "All": 985,
      "\u7ecf": 0.9076142131979695
    },
    "E": {
      "All": 6195,
      "\u7ecf": 0.9901533494753834
    },
    "S": {
      "All": 17,
      "\u7ecf": 0.0
    }
  },
  "\u7ed3": {
    "B": {
      "All": 3032,
      "\u6d4e": 0.03133245382585752
    },
    "M": {
      "All": 108,
      "\u6d4e": 0.0
    },
    "E": {
      "All": 687,
      "\u6d4e": 0.0
    },
    "S": {
      "All": 108,
      "\u6d4e": 0.0
    }
  },
  "\u6784": {
    "B": {
      "All": 354,
      "\u7ed3": 0.0
    },
    "M": {
      "All": 78,
      "\u7ed3": 0.01282051282051282
    },
    "E": {
      "All": 1803,
      "\u7ed3": 0.3899057127010538
    },
    "S": {
      "All": 8,
      "\u7ed3": 0.0
    }
  },
  "\u8f83": {
    "B": {
      "All": 895,
      "\u6784": 0.0033519553072625698
    },
    "M": {
      "All": 0,
      "\u6784": 0
    },
    "E": {
      "All": 475,
      "\u6784": 0.0
    },
    "S": {
      "All": 282,
      "\u6784": 0.0
    }
  },
  "\u7279": {
    "B": {
      "All": 3184,
      "\u8f83": 0.0
    },
    "M": {
      "All": 1194,
      "\u8f83": 0.0
    },
    "E": {
      "All": 848,
      "\u8f83": 0.0
    },
    "S": {
      "All": 121,
      "\u8f83": 0.0
    }
  },
  "\u6b8a": {
    "B": {
      "All": 29,
      "\u7279": 0.0
    },
    "M": {
      "All": 21,
      "\u7279": 1.0
    },
    "E": {
      "All": 285,
      "\u7279": 0.9263157894736842
    },
    "S": {
      "All": 5,
      "\u7279": 0.0
    }
  }
}