{
  "\u5404": {
    "B": {
      "All": 8126,
      "^": 0.09561900073837067,
      "\u6709": 0.0038149150873738615
    },
    "M": {
      "All": 348,
      "^": 0.0,
      "\u6709": 0.0
    },
    "E": {
      "All": 4,
      "^": 0.0,
      "\u6709": 0.0
    },
    "S": {
      "All": 2952,
      "^": 0.1294037940379404,
      "\u6709": 0.0027100271002710027
    }
  },
  "\u4e2a": {
    "B": {
      "All": 2220,
      "\u5404": 0.0
    },
    "M": {
      "All": 2968,
      "\u5404": 2.2703990816689795e-07
    },
    "E": {
      "All": 24080,
      "\u5404": 8.278054326111191e-07
    },
    "S": {
      "All": 1396,
      "\u5404": 0.0
    }
  },
  "\u56fd": {
    "B": {
      "All": 37353,
      "\u7684": 0.02580783337349075,
      "\u4e2a": 5.877097243674433e-07
    },
    "M": {
      "All": 24069,
      "\u4e2a": 0.0,
      "\u7684": 0.0
    },
    "E": {
      "All": 56913,
      "\u4e2a": 0.0,
      "\u7684": 0.0
    },
    "S": {
      "All": 2568,
      "\u7684": 0.0011682242990654205,
      "\u4e2a": 6.065546724119525e-07
    }
  },
  "\u5bb6": {
    "B": {
      "All": 3540,
      "\u56fd": 3.6707204187813206e-06
    },
    "M": {
      "All": 4782,
      "\u56fd": 0.00012401867381881833
    },
    "E": {
      "All": 18528,
      "\u56fd": 2.34439552441378e-05
    },
    "S": {
      "All": 2270,
      "\u56fd": 3.881309553843467e-07
    }
  },
  "\u6709": {
    "B": {
      "All": 7059,
      "\u5bb6": 0.008641450630400907
    },
    "M": {
      "All": 1098,
      "\u5bb6": 0.0009107468123861566
    },
    "E": {
      "All": 8266,
      "\u5bb6": 0.0
    },
    "S": {
      "All": 9905,
      "\u5bb6": 0.004442200908632004
    }
  },
  "\u7684": {
    "B": {
      "All": 155,
      "\u5bb6": 0.0064516129032258064
    },
    "M": {
      "All": 110,
      "\u5bb6": 0.0
    },
    "E": {
      "All": 1343,
      "\u5bb6": 0.0014892032762472078
    },
    "S": {
      "All": 128147,
      "\u5bb6": 0.00763966382357761
    }
  },
  "\u6b4c": {
    "B": {
      "All": 254,
      "\u56fd": 0.01968503937007874
    },
    "M": {
      "All": 80,
      "\u56fd": 0.0125
    },
    "E": {
      "All": 233,
      "\u56fd": 0.07725321888412018
    },
    "S": {
      "All": 77,
      "\u56fd": 0.012987012987012988
    }
  }
}