{
  "\u5404": {
    "B": {
      "All": 8126,
      "\u4e2a": 7.299504863378408e-06
    },
    "M": {
      "All": 348,
      "\u4e2a": 0.0
    },
    "E": {
      "All": 4,
      "\u4e2a": 0.0
    },
    "S": {
      "All": 2952,
      "\u4e2a": 0.0
    }
  },
  "\u4e2a": {
    "B": {
      "All": 2220,
      "\u56fd": 0.0
    },
    "M": {
      "All": 2968,
      "\u56fd": 0.0
    },
    "E": {
      "All": 24080,
      "\u56fd": 1.4003708568338098e-06
    },
    "S": {
      "All": 1396,
      "\u56fd": 6.157584913095952e-06
    }
  },
  "\u56fd": {
    "B": {
      "All": 37353,
      "\u5bb6": 6.904872542141401e-06,
      "\u6b4c": 0.0004818890048992049
    },
    "M": {
      "All": 24069,
      "\u5bb6": 2.157714197397441e-06,
      "\u6b4c": 4.15472184137272e-05
    },
    "E": {
      "All": 56913,
      "\u6b4c": 0.00010542406831479627,
      "\u5bb6": 1.4818978906723774e-08
    },
    "S": {
      "All": 2568,
      "\u5bb6": 0.0,
      "\u6b4c": 0.0
    }
  },
  "\u5bb6": {
    "B": {
      "All": 3540,
      "\u6709": 0.0,
      "\u7684": 0.0
    },
    "M": {
      "All": 4782,
      "\u7684": 0.0004182350480970305,
      "\u6709": 0.00020911752404851526
    },
    "E": {
      "All": 18528,
      "\u7684": 0.048467184801381694,
      "\u6709": 0.005073402417962004
    },
    "S": {
      "All": 2270,
      "\u7684": 0.03612334801762115,
      "\u6709": 0.004845814977973568
    }
  },
  "\u6709": {
    "B": {
      "All": 7059,
      "\u5404": 0.0
    },
    "M": {
      "All": 1098,
      "\u5404": 0.0
    },
    "E": {
      "All": 8266,
      "\u5404": 0.0018146624727800628
    },
    "S": {
      "All": 9905,
      "\u5404": 0.0024230186774356387
    }
  },
  "\u7684": {
    "B": {
      "All": 155,
      "\u56fd": 0.0
    },
    "M": {
      "All": 110,
      "\u56fd": 0.0
    },
    "E": {
      "All": 1343,
      "\u56fd": 0.004467609828741623
    },
    "S": {
      "All": 128147,
      "\u56fd": 0.007499200137342271
    }
  },
  "\u6b4c": {
    "B": {
      "All": 254,
      "^": 0.0
    },
    "M": {
      "All": 80,
      "^": 0.0
    },
    "E": {
      "All": 233,
      "^": 0.3905579399141631
    },
    "S": {
      "All": 77,
      "^": 0.6623376623376623
    }
  }
}