{
  "\u5e0c": {
    "B": {
      "All": 1208,
      "\u814a": 0.048841059602649006
    },
    "M": {
      "All": 112,
      "\u814a": 0.0
    },
    "E": {
      "All": 18,
      "\u814a": 0.0
    },
    "S": {
      "All": 14,
      "\u814a": 0.0
    }
  },
  "\u814a": {
    "B": {
      "All": 5,
      "\u7684": 0.0
    },
    "M": {
      "All": 13,
      "\u7684": 0.0
    },
    "E": {
      "All": 59,
      "\u7684": 0.1016949152542373
    },
    "S": {
      "All": 7,
      "\u7684": 0.0
    }
  },
  "\u7684": {
    "B": {
      "All": 155,
      "\u7ecf": 0.0
    },
    "M": {
      "All": 110,
      "\u7ecf": 0.0
    },
    "E": {
      "All": 1343,
      "\u7ecf": 0.0022338049143708115
    },
    "S": {
      "All": 128147,
      "\u7ecf": 0.009629566045244915
    }
  },
  "\u7ecf": {
    "B": {
      "All": 9647,
      "\u6d4e": 0.596143878926091
    },
    "M": {
      "All": 1770,
      "\u6d4e": 0.7214689265536723
    },
    "E": {
      "All": 1502,
      "\u6d4e": 0.0
    },
    "S": {
      "All": 495,
      "\u6d4e": 0.0
    }
  },
  "\u6d4e": {
    "B": {
      "All": 171,
      "\u7ed3": 0.0
    },
    "M": {
      "All": 985,
      "\u7ed3": 0.0
    },
    "E": {
      "All": 6195,
      "\u7ed3": 0.01533494753833737
    },
    "S": {
      "All": 17,
      "\u7ed3": 0.0
    }
  },
  "\u7ed3": {
    "B": {
      "All": 3032,
      "\u6784": 0.229221635883905
    },
    "M": {
      "All": 108,
      "\u6784": 0.08333333333333333
    },
    "E": {
      "All": 687,
      "\u6784": 0.0
    },
    "S": {
      "All": 108,
      "\u6784": 0.0
    }
  },
  "\u6784": {
    "B": {
      "All": 354,
      "\u8f83": 0.0
    },
    "M": {
      "All": 78,
      "\u8f83": 0.0
    },
    "E": {
      "All": 1803,
      "\u8f83": 0.0016638935108153079
    },
    "S": {
      "All": 8,
      "\u8f83": 0.0
    }
  },
  "\u8f83": {
    "B": {
      "All": 895,
      "\u7279": 0.0
    },
    "M": {
      "All": 0,
      "\u7279": 0
    },
    "E": {
      "All": 475,
      "\u7279": 0.0
    },
    "S": {
      "All": 282,
      "\u7279": 0.0
    }
  },
  "\u7279": {
    "B": {
      "All": 3184,
      "\u6b8a": 0.0885678391959799
    },
    "M": {
      "All": 1194,
      "\u6b8a": 0.002512562814070352
    },
    "E": {
      "All": 848,
      "\u6b8a": 0.0
    },
    "S": {
      "All": 121,
      "\u6b8a": 0.0
    }
  },
  "\u6b8a": {
    "B": {
      "All": 29,
      "^": 0.0
    },
    "M": {
      "All": 21,
      "^": 0.0
    },
    "E": {
      "All": 285,
      "^": 0.042105263157894736
    },
    "S": {
      "All": 5,
      "^": 0.2
    }
  }
}